Revenue,Original Profit,New Profit,Impact
500000,55000.0,22499.99999999997,"$-32,500.00"
550000,72500.0,36749.99999999994,"$-35,750.00"
600000,90000.0,50999.99999999994,"$-39,000.00"
